{
    "numFaces": 12,
    "numVerts": 36,
    "vertCoords": [
        -0.5, -0.5, 0.5, 
        0.5, -0.5, 0.5, 
        -0.5, 0.5, 0.5, 
        -0.5, 0.5, 0.5, 
        0.5, -0.5, 0.5, 
        0.5, 0.5, 0.5, 
        -0.5, 0.5, 0.5, 
        0.5, 0.5, 0.5, 
        -0.5, 0.5, -0.5, 
        -0.5, 0.5, -0.5, 
        0.5, 0.5, 0.5, 
        0.5, 0.5, -0.5, 
        -0.5, 0.5, -0.5, 
        0.5, 0.5, -0.5, 
        -0.5, -0.5, -0.5, 
        -0.5, -0.5, -0.5, 
        0.5, 0.5, -0.5, 
        0.5, -0.5, -0.5, 
        -0.5, -0.5, -0.5, 
        0.5, -0.5, -0.5, 
        -0.5, -0.5, 0.5, 
        -0.5, -0.5, 0.5, 
        0.5, -0.5, -0.5, 
        0.5, -0.5, 0.5, 
        0.5, -0.5, 0.5, 
        0.5, -0.5, -0.5, 
        0.5, 0.5, 0.5, 
        0.5, 0.5, 0.5, 
        0.5, -0.5, -0.5, 
        0.5, 0.5, -0.5, 
        -0.5, -0.5, -0.5, 
        -0.5, -0.5, 0.5, 
        -0.5, 0.5, -0.5, 
        -0.5, 0.5, -0.5, 
        -0.5, -0.5, 0.5, 
        -0.5, 0.5, 0.5
    ],
    "normalCoords": [
        0, 0, 1, 
        0, 0, 1, 
        0, 0, 1, 
        0, 0, 1, 
        0, 0, 1, 
        0, 0, 1, 
        0, 1, 0, 
        0, 1, 0, 
        0, 1, 0, 
        0, 1, 0, 
        0, 1, 0, 
        0, 1, 0, 
        0, 0, -1, 
        0, 0, -1, 
        0, 0, -1, 
        0, 0, -1, 
        0, 0, -1, 
        0, 0, -1, 
        0, -1, 0, 
        0, -1, 0, 
        0, -1, 0, 
        0, -1, 0, 
        0, -1, 0, 
        0, -1, 0, 
        1, 0, 0, 
        1, 0, 0, 
        1, 0, 0, 
        1, 0, 0, 
        1, 0, 0, 
        1, 0, 0, 
        -1, 0, 0, 
        -1, 0, 0, 
        -1, 0, 0, 
        -1, 0, 0, 
        -1, 0, 0, 
        -1, 0, 0
    ],
    "texCoords": [
        0.001992, 0.998008, 
        0.998008, 0.998008, 
        0.001992, 0.0019919999999999938, 
        0.001992, 0.0019919999999999938, 
        0.998008, 0.998008, 
        0.998008, 0.0019919999999999938, 
        0.001992, 0.998008, 
        0.998008, 0.998008, 
        0.001992, 0.0019919999999999938, 
        0.001992, 0.0019919999999999938, 
        0.998008, 0.998008, 
        0.998008, 0.0019919999999999938, 
        0.998008, 0.0019919999999999938, 
        0.001992, 0.0019919999999999938, 
        0.998008, 0.998008, 
        0.998008, 0.998008, 
        0.001992, 0.0019919999999999938, 
        0.001992, 0.998008, 
        0.001992, 0.998008, 
        0.998008, 0.998008, 
        0.001992, 0.0019919999999999938, 
        0.001992, 0.0019919999999999938, 
        0.998008, 0.998008, 
        0.998008, 0.0019919999999999938, 
        0.001992, 0.998008, 
        0.998008, 0.998008, 
        0.001992, 0.0019919999999999938, 
        0.001992, 0.0019919999999999938, 
        0.998008, 0.998008, 
        0.998008, 0.0019919999999999938, 
        0.001992, 0.998008, 
        0.998008, 0.998008, 
        0.001992, 0.0019919999999999938, 
        0.001992, 0.0019919999999999938, 
        0.998008, 0.998008, 
        0.998008, 0.0019919999999999938
    ]
}
